Date,Day,Week,Month
12-03-2024,Tuesday,11,March
13-03-2024,Wednesday,11,March
14-03-2024,Thursday,11,March
15-03-2024,Friday,11,March
18-03-2024,Monday,12,March
19-03-2024,Tuesday,12,March
20-03-2024,Wednesday,12,March
21-03-2024,Thursday,12,March
22-03-2024,Friday,12,March
25-03-2024,Monday,13,March
26-03-2024,Tuesday,13,March
27-03-2024,Wednesday,13,March
28-03-2024,Thursday,13,March
29-03-2024,Friday,13,March
01-04-2024,Monday,14,April
02-04-2024,Tuesday,14,April
03-04-2024,Wednesday,14,April
04-04-2024,Thursday,14,April
